Somsri,กระดาษ A4,วัสดุสำนักงาน,50,16-01-2023,11:00:00,เบิก
Somsri,ปากกาน้ำเงิน,วัสดุสำนักงาน,20,13-02-2023,13:12:11,เบิก
Somsri,กระดาษถ่ายเอกสาร,วัสดุสำนักงาน,3,14-02-2023,09:15:20,เบิก
Putita,หมึกพิมพ์,คอมพิวเตอร์,10,19-02-2023,09:30:22,เพิ่ม
Putita,วาล์วPVC,วัสดุก่อสร้าง,2,30-03-2023,09:15:00,เพิ่ม
Ryu1234,วาล์วPVC,วัสดุก่อสร้าง,1,11-03-2023,15:22:49,เบิก
Somsri,ประแจ,วัสดุสำนักงาน,1,11-03-2023,15:23:54,เบิก
Prayut,เทปพันสายไฟฟ้า,วัสดุไฟฟ้าและวิทยุ,10,11-03-2023,16:07:52,เพิ่ม
Prayut,เทปพันสายไฟฟ้า,วัสดุไฟฟ้าและวิทยุ,10,11-03-2023,16:08:08,เพิ่ม
Prayut,กระดาษ A4,วัสดุสำนักงาน,10,11-03-2023,16:15:07,เพิ่ม
Prayut,กระดาษ A4,วัสดุสำนักงาน,10,11-03-2023,16:37:44,เพิ่ม
Prayut,เทปกาว,วัสดุสำนักงาน,10,11-03-2023,17:02:52,เพิ่ม
Somsri,เทปกาว,วัสดุสำนักงาน,5,11-03-2023,17:03:40,เบิก
Prawit,ชุดหลอดไฟยาว,วัสดุไฟฟ้าและวิทยุ,10,11-03-2023,17:11:31,เบิก
Prawit,เทปพันสายไฟฟ้า,วัสดุไฟฟ้าและวิทยุ,5,11-03-2023,17:11:50,เบิก
Prayut,ท่อPVC,วัสดุก่อสร้าง,10,11-03-2023,17:39:43,เพิ่ม
Puttipong,ประแจ,วัสดุก่อสร้าง,10,11-03-2023,17:44:39,เพิ่ม
Prawit,หมึกพิมพ์,คอมพิวเตอร์,5,11-03-2023,17:45:55,เบิก
Puttipong,ประแจ,วัสดุก่อสร้าง,10,11-03-2023,17:46:18,เพิ่ม
Somsri,กระดาษ A4,วัสดุสำนักงาน,1,11-03-2023,19:50:57,เบิก
putita,กระดาษ A4,วัสดุสำนักงาน,1,11-03-2023,19:59:07,เพิ่ม
putita,กระดาษ A4,วัสดุสำนักงาน,50,11-03-2023,20:13:50,เพิ่ม
putita,เทปกาว,วัสดุสำนักงาน,30,11-03-2023,20:15:31,เพิ่ม
putita,เทปกาว,วัสดุสำนักงาน,20,11-03-2023,20:17:27,เพิ่ม
putita,ปากกาน้ำเงิน,วัสดุสำนักงาน,5,11-03-2023,20:18:18,เพิ่ม
putita,คัตเตอร์,วัสดุสำนักงาน,10,12-03-2023,12:28:56,เพิ่ม
Prawit,คัตเตอร์,วัสดุสำนักงาน,5,12-03-2023,12:30:50,เบิก